id,audit_status_preserved,work_completed_now,next_review
CAN-A1-EQ-017,Citation/license visible; full source procedure not checked. Internal no-tool label conflicts with instructor AI operation (WIA-006).,Methods pp. 82–84 inspected and rendered; original student AI use distinguished from instructor-supplied adaptation; evidence qualification added.,"Verify instructor preparation access and rights, then review/pilot the actual adaptation."
CAN-A1-EQ-018,Complete source verification,,Complete source and local-use verification.
CAN-A1-EQ-019,Complete source verification,,Complete source and local-use verification.
CAN-A1-EQ-030,Complete source verification,,Complete source and local-use verification.
CAN-A1-EQ-031,Complete source verification,,Complete source and local-use verification.
CAN-A1-EQ-032,Complete source verification,,Complete source and local-use verification.
CAN-A1-EQ-033,Complete source verification,,Complete source and local-use verification.
CAN-A1-EQ-034,Complete source verification,,Complete source and local-use verification.
CAN-A1-EQ-035,Complete source verification,,Complete source and local-use verification.
CAN-A1-EQ-043,Complete source verification,,Complete source and local-use verification.
CAN-A1-EQ-044,Complete source verification,,Complete source and local-use verification.
CAN-A1-EQ-045,Complete source verification,,Complete source and local-use verification.
CAN-A1-EQ-058,Complete source verification,,Complete source and local-use verification.
CAN-A1-EQ-060,Complete source verification,,Complete source and local-use verification.
CAN-A1-EQ-061,Complete source verification,,Complete source and local-use verification.
CAN-A1-EQ-062,Complete source verification,,Complete source and local-use verification.
CAN-A1-EQ-063,Complete source verification,,Complete source and local-use verification.
CAN-A1-EQ-065,Complete source verification,,Complete source and local-use verification.
CAN-A1-EQ-066,Complete source verification,,Complete source and local-use verification.
CAN-A1-EQ-067,Complete source verification,,Complete source and local-use verification.
CAN-A2-A-009,Complete source verification,,Complete source and local-use verification.
CAN-A2-A-010,Complete source verification,,Complete source and local-use verification.
CAN-A2-A-011,Complete source verification,,Complete source and local-use verification.
CAN-A2-A-036,Complete source verification,,Complete source and local-use verification.
CAN-A2-A-060,Complete source verification,,Complete source and local-use verification.
CAN-A2-A-061,Complete source verification,,Complete source and local-use verification.
CAN-A2-A-062,Complete source verification,,Complete source and local-use verification.
CAN-A2-A-074,Complete source verification,,Complete source and local-use verification.
CAN-A2-A-075,Complete source verification,,Complete source and local-use verification.
CAN-A2-A-081,Complete source verification,,Complete source and local-use verification.
CAN-A2-A-085,Complete source verification,,Complete source and local-use verification.
CAN-A2-A-086,Complete source verification,,Complete source and local-use verification.
CAN-A2-A-087,Complete source verification,,Complete source and local-use verification.
CAN-A2-A-088,Complete source verification,,Complete source and local-use verification.
CAN-A2-A-089,Complete source verification,,Complete source and local-use verification.
CAN-A2-A-090,Complete source verification,,Complete source and local-use verification.
CAN-A2-A-091,Complete source verification,,Complete source and local-use verification.
CAN-A2-A-092,Complete source verification,,Complete source and local-use verification.
CAN-A2-A-093,Complete source verification,,Complete source and local-use verification.
CAN-A2-A-094,Complete source verification,,Complete source and local-use verification.
CAN-A2-A-095,Complete source verification,,Complete source and local-use verification.
CAN-A2-A-096,Complete source verification,,Complete source and local-use verification.
CAN-A2-A-098,Complete source verification,,Complete source and local-use verification.
CAN-A2-A-102,Complete source verification,,Complete source and local-use verification.
CAN-A2-A-104,Complete source verification,,Complete source and local-use verification.
CAN-A2-A-105,Complete source verification,,Complete source and local-use verification.
CAN-A2-A-106,Complete source verification,,Complete source and local-use verification.
CAN-A2-A-107,Complete source verification,,Complete source and local-use verification.
CAN-A2-A-108,Complete source verification,,Complete source and local-use verification.
CAN-A2-A-109,Complete source verification,,Complete source and local-use verification.
CAN-A2-A-110,Complete source verification,,Complete source and local-use verification.
CAN-A2-A-111,Complete source verification,,Complete source and local-use verification.
CAN-A2-A-112,Complete source verification,,Complete source and local-use verification.
CAN-A2-A-113,Complete source verification,,Complete source and local-use verification.
CAN-A2-A-114,Complete source verification,,Complete source and local-use verification.
CAN-A2-A-115,Complete source verification,,Complete source and local-use verification.
CAN-A2-A-116,Complete source verification,,Complete source and local-use verification.
CAN-A2-A-117,Complete source verification,,Complete source and local-use verification.
CAN-A2-A-129,Complete source verification,,Complete source and local-use verification.
CAN-A2-A-130,Complete source verification,,Complete source and local-use verification.
CAN-A2-A-142,Complete source verification,,Complete source and local-use verification.
CAN-A2-A-221,Complete source verification,,Complete source and local-use verification.
CAN-A2-A-229,Complete source verification,,Complete source and local-use verification.
CAN-B-ARGU-01,Complete source verification,,Complete source and local-use verification.
CAN-B-ARGU-02,Complete source verification,,Complete source and local-use verification.
CAN-B-ARGU-03,Complete source verification,,Complete source and local-use verification.
CAN-B-ARGU-04,Complete source verification,,Complete source and local-use verification.
CAN-B-ARGU-05,Complete source verification,,Complete source and local-use verification.
CAN-B-ARGU-06,Complete source verification,,Complete source and local-use verification.
CAN-B-ARGU-07,Complete source verification,,Complete source and local-use verification.
CAN-B-ARGU-08,Complete source verification,,Complete source and local-use verification.
CAN-B-ARGU-09,Complete source verification,,Complete source and local-use verification.
CAN-B-ARGU-10,Complete source verification,,Complete source and local-use verification.
CAN-B-ARGU-11,Complete source verification,,Complete source and local-use verification.
CAN-B-ARGU-12,Complete source verification,,Complete source and local-use verification.
CAN-B-ARGU-13,Complete source verification,,Complete source and local-use verification.
CAN-B-ARGU-14,Complete source verification,,Complete source and local-use verification.
CAN-B-ARGU-15,Complete source verification,,Complete source and local-use verification.
CAN-B-ARGU-16,Complete source verification,,Complete source and local-use verification.
CAN-B-ASMT-01,Complete source verification,,Complete source and local-use verification.
CAN-B-ASMT-02,Complete source verification,,Complete source and local-use verification.
CAN-B-ASMT-03,Complete source verification,,Complete source and local-use verification.
CAN-B-ASMT-04,Complete source verification,,Complete source and local-use verification.
CAN-B-ASMT-05,Complete source verification,,Complete source and local-use verification.
CAN-B-ASMT-06,Complete source verification,,Complete source and local-use verification.
CAN-B-ASMT-07,Complete source verification,,Complete source and local-use verification.
CAN-B-ASMT-08,Complete source verification,,Complete source and local-use verification.
CAN-B-ASMT-09,Complete source verification,,Complete source and local-use verification.
CAN-B-ASMT-11,Complete source verification,,Complete source and local-use verification.
CAN-B-ASMT-12,Complete source verification,,Complete source and local-use verification.
CAN-B-ASMT-13,Complete source verification,,Complete source and local-use verification.
CAN-B-BIAS-01,Complete source verification,,Complete source and local-use verification.
CAN-B-BIAS-02,Complete source verification,,Complete source and local-use verification.
CAN-B-BIAS-03,Complete source verification,,Complete source and local-use verification.
CAN-B-BIAS-04,Complete source verification,,Complete source and local-use verification.
CAN-B-BIAS-06,Complete source verification,,Complete source and local-use verification.
CAN-B-BIAS-07,Complete source verification,,Complete source and local-use verification.
CAN-B-BIAS-08,Complete source verification,,Complete source and local-use verification.
CAN-B-BIAS-09,Complete source verification,,Complete source and local-use verification.
CAN-B-BIAS-10,Complete source verification,,Complete source and local-use verification.
CAN-B-BIAS-11,Complete source verification,,Complete source and local-use verification.
CAN-B-BIAS-12,Complete source verification,,Complete source and local-use verification.
CAN-B-CASE-01,Complete source verification,,Complete source and local-use verification.
CAN-B-CASE-02,Complete source verification,,Complete source and local-use verification.
CAN-B-CASE-03,Complete source verification,,Complete source and local-use verification.
CAN-B-CASE-04,Complete source verification,,Complete source and local-use verification.
CAN-B-CASE-06,Complete source verification,,Complete source and local-use verification.
CAN-B-CASE-07,Complete source verification,,Complete source and local-use verification.
CAN-B-CASE-08,Complete source verification,,Complete source and local-use verification.
CAN-B-CASE-10,Complete source verification,,Complete source and local-use verification.
CAN-B-CASE-11,Complete source verification,,Complete source and local-use verification.
CAN-B-COAU-02,Complete source verification,,Complete source and local-use verification.
CAN-B-COAU-03,Complete source verification,,Complete source and local-use verification.
CAN-B-COAU-06,Complete source verification,,Complete source and local-use verification.
CAN-B-ETHI-01,Complete source verification,,Complete source and local-use verification.
CAN-B-ETHI-02,Complete source verification,,Complete source and local-use verification.
CAN-B-ETHI-03,Complete source verification,,Complete source and local-use verification.
CAN-B-ETHI-04,Complete source verification,,Complete source and local-use verification.
CAN-B-ETHI-05,Complete source verification,,Complete source and local-use verification.
CAN-B-ETHI-08,Complete source verification,,Complete source and local-use verification.
CAN-B-ETHI-09,Complete source verification,,Complete source and local-use verification.
CAN-B-ETHI-10,Complete source verification,,Complete source and local-use verification.
CAN-B-ETHI-11,Complete source verification,,Complete source and local-use verification.
CAN-B-ETHI-12,Complete source verification,,Complete source and local-use verification.
CAN-B-ETHI-13,Complete source verification,,Complete source and local-use verification.
CAN-B-ETHI-14,Complete source verification,,Complete source and local-use verification.
CAN-B-ETHI-15,Complete source verification,,Complete source and local-use verification.
CAN-B-ETHI-16,Complete source verification,,Complete source and local-use verification.
CAN-B-FDEV-01,Complete source verification,,Complete source and local-use verification.
CAN-B-FDEV-03,Complete source verification,,Complete source and local-use verification.
CAN-B-FDEV-04,Complete source verification,,Complete source and local-use verification.
CAN-B-FDEV-05,Complete source verification,,Complete source and local-use verification.
CAN-B-FDEV-06,Complete source verification,,Complete source and local-use verification.
CAN-B-INTG-01,Complete source verification,,Complete source and local-use verification.
CAN-B-INTG-02,Complete source verification,,Complete source and local-use verification.
CAN-B-INTG-03,Complete source verification,,Complete source and local-use verification.
CAN-B-INTG-04,Complete source verification,,Complete source and local-use verification.
CAN-B-INTG-05,Complete source verification,,Complete source and local-use verification.
CAN-B-INTG-06,Complete source verification,,Complete source and local-use verification.
CAN-B-MATL-02,Complete source verification,,Complete source and local-use verification.
CAN-B-MATL-03,Complete source verification,,Complete source and local-use verification.
CAN-B-MATL-04,Complete source verification,,Complete source and local-use verification.
CAN-B-MATL-05,Complete source verification,,Complete source and local-use verification.
CAN-B-MATL-06,Complete source verification,,Complete source and local-use verification.
CAN-B-MATL-07,Complete source verification,,Complete source and local-use verification.
CAN-B-MATL-08,Complete source verification,,Complete source and local-use verification.
CAN-B-MATL-09,Complete source verification,,Complete source and local-use verification.
CAN-B-MATL-10,Complete source verification,,Complete source and local-use verification.
CAN-B-MATL-11,Complete source verification,,Complete source and local-use verification.
CAN-B-MECH-01,Complete source verification,,Complete source and local-use verification.
CAN-B-MECH-02,Complete source verification,,Complete source and local-use verification.
CAN-B-MECH-03,Complete source verification,,Complete source and local-use verification.
CAN-B-MECH-04,Complete source verification,,Complete source and local-use verification.
CAN-B-MECH-05,Complete source verification,,Complete source and local-use verification.
CAN-B-MECH-06,Complete source verification,,Complete source and local-use verification.
CAN-B-MECH-07,Complete source verification,,Complete source and local-use verification.
CAN-B-MECH-08,Complete source verification,,Complete source and local-use verification.
CAN-B-MECH-10,Complete source verification,,Complete source and local-use verification.
CAN-B-MECH-11,Complete source verification,,Complete source and local-use verification.
CAN-B-MECH-13,Complete source verification,,Complete source and local-use verification.
CAN-B-PROC-01,Complete source verification,,Complete source and local-use verification.
CAN-B-PROC-02,Complete source verification,,Complete source and local-use verification.
CAN-B-PROC-04,Complete source verification,,Complete source and local-use verification.
CAN-B-PROC-05,Complete source verification,,Complete source and local-use verification.
CAN-B-PROC-06,Complete source verification,,Complete source and local-use verification.
CAN-B-PROC-07,Complete source verification,,Complete source and local-use verification.
CAN-B-PROC-08,Complete source verification,,Complete source and local-use verification.
CAN-B-PROC-09,Complete source verification,,Complete source and local-use verification.
CAN-B-PROC-10,Complete source verification,,Complete source and local-use verification.
CAN-B-PROF-01,Complete source verification,,Complete source and local-use verification.
CAN-B-PROF-02,Complete source verification,,Complete source and local-use verification.
CAN-B-PROF-03,Complete source verification,,Complete source and local-use verification.
CAN-B-PROF-04,Complete source verification,,Complete source and local-use verification.
CAN-B-PROF-05,Complete source verification,,Complete source and local-use verification.
CAN-B-PROF-06,Complete source verification,,Complete source and local-use verification.
CAN-B-PROF-07,Complete source verification,,Complete source and local-use verification.
CAN-B-PROF-08,Complete source verification,,Complete source and local-use verification.
CAN-B-PROF-09,Complete source verification,,Complete source and local-use verification.
CAN-B-PROF-10,Complete source verification,,Complete source and local-use verification.
CAN-B-PROF-11,Complete source verification,,Complete source and local-use verification.
CAN-B-PROF-12,Complete source verification,,Complete source and local-use verification.
CAN-B-PROF-14,Complete source verification,,Complete source and local-use verification.
CAN-B-PROF-15,Complete source verification,,Complete source and local-use verification.
CAN-B-PROF-16,Complete source verification,,Complete source and local-use verification.
CAN-B-PROM-01,Complete source verification,,Complete source and local-use verification.
CAN-B-PROM-02,Complete source verification,,Complete source and local-use verification.
CAN-B-PROM-03,Complete source verification,,Complete source and local-use verification.
CAN-B-PROM-04,Complete source verification,,Complete source and local-use verification.
CAN-B-PROM-05,Complete source verification,,Complete source and local-use verification.
CAN-B-PROM-06,Complete source verification,,Complete source and local-use verification.
CAN-B-PROM-07,Complete source verification,,Complete source and local-use verification.
CAN-B-PROM-08,Complete source verification,,Complete source and local-use verification.
CAN-B-PROM-11,Complete source verification,,Complete source and local-use verification.
CAN-B-PROM-12,Complete source verification,,Complete source and local-use verification.
CAN-B-PROM-13,Complete source verification,,Complete source and local-use verification.
CAN-B-PROM-14,Complete source verification,,Complete source and local-use verification.
CAN-B-PROM-16,Complete source verification,,Complete source and local-use verification.
CAN-B-READ-03,Complete source verification,,Complete source and local-use verification.
CAN-B-READ-04,Complete source verification,,Complete source and local-use verification.
CAN-B-READ-06,Complete source verification,,Complete source and local-use verification.
CAN-B-READ-07,Complete source verification,,Complete source and local-use verification.
CAN-B-READ-08,Complete source verification,,Complete source and local-use verification.
CAN-B-READ-15,Complete source verification,,Complete source and local-use verification.
CAN-B-READ-16,Complete source verification,,Complete source and local-use verification.
CAN-B-RSCH-01,Complete source verification,,Complete source and local-use verification.
CAN-B-RSCH-02,Complete source verification,,Complete source and local-use verification.
CAN-B-RSCH-03,Complete source verification,,Complete source and local-use verification.
CAN-B-RSCH-04,Complete source verification,,Complete source and local-use verification.
CAN-B-RSCH-05,Complete source verification,,Complete source and local-use verification.
CAN-B-RSCH-06,Complete source verification,,Complete source and local-use verification.
CAN-B-RSCH-08,Complete source verification,,Complete source and local-use verification.
CAN-B-RSCH-09,Complete source verification,,Complete source and local-use verification.
CAN-B-RSCH-10,Complete source verification,,Complete source and local-use verification.
CAN-B-RSCH-11,Complete source verification,,Complete source and local-use verification.
CAN-B-RSCH-12,Complete source verification,,Complete source and local-use verification.
CAN-B-RSCH-13,Complete source verification,,Complete source and local-use verification.
CAN-B-SIMU-01,Complete source verification,,Complete source and local-use verification.
CAN-B-SIMU-02,Complete source verification,,Complete source and local-use verification.
CAN-B-SIMU-03,Complete source verification,,Complete source and local-use verification.
CAN-B-SIMU-04,Complete source verification,,Complete source and local-use verification.
CAN-B-SIMU-05,Complete source verification,,Complete source and local-use verification.
CAN-B-SIMU-06,Complete source verification,,Complete source and local-use verification.
CAN-B-SIMU-07,Complete source verification,,Complete source and local-use verification.
CAN-B-SIMU-08,Complete source verification,,Complete source and local-use verification.
CAN-B-SIMU-09,Complete source verification,,Complete source and local-use verification.
CAN-B-SIMU-10,Complete source verification,,Complete source and local-use verification.
CAN-B-SIMU-11,Complete source verification,,Complete source and local-use verification.
CAN-B-STUD-01,Complete source verification,,Complete source and local-use verification.
CAN-B-STUD-02,Complete source verification,,Complete source and local-use verification.
CAN-B-STUD-03,Complete source verification,,Complete source and local-use verification.
CAN-B-STUD-06,Complete source verification,,Complete source and local-use verification.
CAN-B-STUD-08,Complete source verification,,Complete source and local-use verification.
CAN-B-STUD-11,Complete source verification,,Complete source and local-use verification.
CAN-B-STUD-12,Complete source verification,,Complete source and local-use verification.
CAN-B-STUD-14,Complete source verification,,Complete source and local-use verification.
CAN-B-STYL-01,Complete source verification,,Complete source and local-use verification.
CAN-B-STYL-02,Complete source verification,,Complete source and local-use verification.
CAN-B-STYL-03,Complete source verification,,Complete source and local-use verification.
CAN-B-STYL-04,Complete source verification,,Complete source and local-use verification.
CAN-B-STYL-05,Complete source verification,,Complete source and local-use verification.
CAN-B-STYL-06,Complete source verification,,Complete source and local-use verification.
CAN-B-STYL-07,Complete source verification,,Complete source and local-use verification.
CAN-B-STYL-08,Complete source verification,,Complete source and local-use verification.
CAN-B-STYL-09,Complete source verification,,Complete source and local-use verification.
CAN-B-STYL-11,Complete source verification,,Complete source and local-use verification.
CAN-B-STYL-12,Complete source verification,,Complete source and local-use verification.
CAN-B-STYL-13,Complete source verification,,Complete source and local-use verification.
CAN-B-STYL-14,Complete source verification,,Complete source and local-use verification.
CAN-B-STYL-16,Complete source verification,,Complete source and local-use verification.
CAN-B-VERI-01,Complete source verification,,Complete source and local-use verification.
CAN-B-VERI-02,Complete source verification,,Complete source and local-use verification.
CAN-B-VERI-03,Complete source verification,,Complete source and local-use verification.
CAN-B-VERI-04,Complete source verification,,Complete source and local-use verification.
CAN-B-VERI-05,Complete source verification,,Complete source and local-use verification.
CAN-B-VERI-06,Complete source verification,,Complete source and local-use verification.
CAN-B-VERI-07,Complete source verification,,Complete source and local-use verification.
CAN-B-VERI-08,Complete source verification,,Complete source and local-use verification.
CAN-B-VERI-09,Complete source verification,,Complete source and local-use verification.
CAN-B-VERI-10,Complete source verification,,Complete source and local-use verification.
CAN-B-VERI-11,Complete source verification,,Complete source and local-use verification.
CAN-B-VERI-12,Complete source verification,,Complete source and local-use verification.
CAN-B-VERI-13,Complete source verification,,Complete source and local-use verification.
CAN-B-VERI-14,Complete source verification,,Complete source and local-use verification.
CAN-B-VERI-15,Complete source verification,,Complete source and local-use verification.
CAN-B-VERI-16,Complete source verification,,Complete source and local-use verification.
CAN-B-VISU-02,Complete source verification,,Complete source and local-use verification.
CAN-B-VISU-06,Complete source verification,,Complete source and local-use verification.
CAN-B-VISU-09,Complete source verification,,Complete source and local-use verification.
CAN-B-VISU-10,Complete source verification,,Complete source and local-use verification.
CAN-B-VISU-12,Complete source verification,,Complete source and local-use verification.
CAN-B-VISU-13,Complete source verification,,Complete source and local-use verification.
CAN-B-VISU-14,Complete source verification,,Complete source and local-use verification.
CAN-B-VISU-15,Complete source verification,,Complete source and local-use verification.
CAN-B-VISU-16,Complete source verification,,Complete source and local-use verification.
CAN-B-VISU-17,Complete source verification,,Complete source and local-use verification.
CAN-B-VISU-18,Complete source verification,,Complete source and local-use verification.
CAN-B-VISU-19,Complete source verification,,Complete source and local-use verification.
CAN-B-VISU-20,Complete source verification,,Complete source and local-use verification.
CAN-B-VISU-21,Complete source verification,,Complete source and local-use verification.
CAN-B-VISU-22,Complete source verification,,Complete source and local-use verification.
CAN-B-WRIT-01,Complete source verification,,Complete source and local-use verification.
CAN-B-WRIT-02,Complete source verification,,Complete source and local-use verification.
CAN-B-WRIT-03,Complete source verification,,Complete source and local-use verification.
CAN-B-WRIT-04,Complete source verification,,Complete source and local-use verification.
CAN-B-WRIT-06,Complete source verification,,Complete source and local-use verification.
CAN-B-WRIT-07,Complete source verification,,Complete source and local-use verification.
CAN-B-WRIT-08,Complete source verification,,Complete source and local-use verification.
CAN-B-WRIT-10,Complete source verification,,Complete source and local-use verification.
CAN-B-WRIT-11,Complete source verification,,Complete source and local-use verification.
CAN-B-WRIT-12,Complete source verification,,Complete source and local-use verification.
CAN-B-WRIT-13,Complete source verification,,Complete source and local-use verification.
CAN-B-WRIT-16,Complete source verification,,Complete source and local-use verification.
CAN-B-WRIT-17,Complete source verification,,Complete source and local-use verification.
CAN-B-WRIT-18,Complete source verification,,Complete source and local-use verification.
CAN-D-ADM-002,Complete source verification,,Complete source and local-use verification.
CAN-D-ADM-003,Complete source verification,,Complete source and local-use verification.
CAN-D-ADM-004,Complete source verification,,Complete source and local-use verification.
CAN-D-ADM-005,Complete source verification,,Complete source and local-use verification.
CAN-D-ADM-006,Complete source verification,,Complete source and local-use verification.
CAN-D-ADM-007,Complete source verification,,Complete source and local-use verification.
CAN-D-ADM-008,Complete source verification,,Complete source and local-use verification.
CAN-D-ADM-009,Complete source verification,,Complete source and local-use verification.
CAN-D-ADM-010,Complete source verification,,Complete source and local-use verification.
CAN-D-ADM-011,Complete source verification,,Complete source and local-use verification.
CAN-D-ADM-012,Complete source verification,,Complete source and local-use verification.
CAN-D-ADM-013,Complete source verification,,Complete source and local-use verification.
CAN-D-ADM-014,Complete source verification,,Complete source and local-use verification.
CAN-D-ADM-015,Complete source verification,,Complete source and local-use verification.
CAN-D-ADM-016,Complete source verification,,Complete source and local-use verification.
CAN-D-ADM-017,Complete source verification,,Complete source and local-use verification.
CAN-D-ADM-018,Complete source verification,,Complete source and local-use verification.
CAN-D-ADM-020,Complete source verification,,Complete source and local-use verification.
CAN-D-ADM-021,Complete source verification,,Complete source and local-use verification.
CAN-D-ADM-022,Complete source verification,,Complete source and local-use verification.
CAN-D-ADM-023,Complete source verification,,Complete source and local-use verification.
CAN-D-ADM-024,Complete source verification,,Complete source and local-use verification.
CAN-D-ADM-025,Complete source verification,,Complete source and local-use verification.
CAN-D-ADM-026,Complete source verification,,Complete source and local-use verification.
CAN-D-ADM-027,Complete source verification,,Complete source and local-use verification.
CAN-D-ADM-028,Complete source verification,,Complete source and local-use verification.
CAN-D-ADM-029,Complete source verification,,Complete source and local-use verification.
CAN-D-ADM-030,Complete source verification,,Complete source and local-use verification.
CAN-D-ADM-031,Complete source verification,,Complete source and local-use verification.
CAN-D-ADM-032,Complete source verification,,Complete source and local-use verification.
CAN-D-ADM-033,Complete source verification,,Complete source and local-use verification.
CAN-D-ADM-034,Complete source verification,,Complete source and local-use verification.
CAN-D-ADM-035,Complete source verification,,Complete source and local-use verification.
CAN-D-ADM-037,Complete source verification,,Complete source and local-use verification.
CAN-D-ADM-038,Complete source verification,,Complete source and local-use verification.
CAN-D-ADM-039,Complete source verification,,Complete source and local-use verification.
CAN-D-ADM-040,Complete source verification,,Complete source and local-use verification.
CAN-D-ADM-041,Complete source verification,,Complete source and local-use verification.
CAN-D-ADM-042,Complete source verification,,Complete source and local-use verification.
CAN-D-ADM-043,Complete source verification,,Complete source and local-use verification.
CAN-D-ADM-044,Complete source verification,,Complete source and local-use verification.
CAN-D-ADM-045,Complete source verification,,Complete source and local-use verification.
CAN-D-ADM-046,Complete source verification,,Complete source and local-use verification.
CAN-D-ADM-047,Complete source verification,,Complete source and local-use verification.
CAN-D-ADM-048,Complete source verification,,Complete source and local-use verification.
CAN-D-ADM-049,Complete source verification,,Complete source and local-use verification.
CAN-D-ADM-050,Complete source verification,,Complete source and local-use verification.
CAN-D-ADM-051,Complete source verification,,Complete source and local-use verification.
CAN-D-ADM-052,Complete source verification,,Complete source and local-use verification.
CAN-D-ADM-053,Complete source verification,,Complete source and local-use verification.
CAN-D-ADM-054,Complete source verification,,Complete source and local-use verification.
CAN-D-ADM-055,Complete source verification,,Complete source and local-use verification.
CAN-D-ADM-056,Complete source verification,,Complete source and local-use verification.
CAN-D-ADM-057,Complete source verification,,Complete source and local-use verification.
CAN-D-ADM-058,Complete source verification,,Complete source and local-use verification.
CAN-D-ADM-059,Complete source verification,,Complete source and local-use verification.
CAN-D-ADM-060,Complete source verification,,Complete source and local-use verification.
CAN-D-ADM-061,Complete source verification,,Complete source and local-use verification.
CAN-D-ADM-062,Complete source verification,,Complete source and local-use verification.
CAN-D-ADM-063,Complete source verification,,Complete source and local-use verification.
CAN-D-ADM-064,Complete source verification,,Complete source and local-use verification.
CAN-D-ADM-065,Complete source verification,,Complete source and local-use verification.
CAN-D-ADM-066,Complete source verification,,Complete source and local-use verification.
CAN-D-ADM-067,Complete source verification,,Complete source and local-use verification.
CAN-D-ADM-068,Complete source verification,,Complete source and local-use verification.
CAN-D-ADM-069,Complete source verification,,Complete source and local-use verification.
CAN-D-ADM-070,Complete source verification,,Complete source and local-use verification.
CAN-D-ADM-071,Complete source verification,,Complete source and local-use verification.
CAN-D-ADM-072,Complete source verification,,Complete source and local-use verification.
CAN-D-ADM-073,Complete source verification,,Complete source and local-use verification.
CAN-D-ADM-074,Complete source verification,,Complete source and local-use verification.
CAN-D-ADM-075,Complete source verification,,Complete source and local-use verification.
CAN-D-ADM-076,Complete source verification,,Complete source and local-use verification.
CAN-D-ADM-077,Complete source verification,,Complete source and local-use verification.
CAN-D-ADM-078,Complete source verification,,Complete source and local-use verification.
CAN-D-ADM-079,Complete source verification,,Complete source and local-use verification.
CAN-D-ADM-080,Complete source verification,,Complete source and local-use verification.
CAN-D-ADM-081,Complete source verification,,Complete source and local-use verification.
CAN-D-ADM-082,Complete source verification,,Complete source and local-use verification.
CAN-D-ADM-083,Complete source verification,,Complete source and local-use verification.
CAN-D-ADM-084,Complete source verification,,Complete source and local-use verification.
CAN-D-ADM-085,Complete source verification,,Complete source and local-use verification.
CAN-D-ADM-086,Complete source verification,,Complete source and local-use verification.
CAN-D-ADM-087,Complete source verification,,Complete source and local-use verification.
CAN-D-ADM-088,Complete source verification,,Complete source and local-use verification.
CAN-D-ADM-089,Complete source verification,,Complete source and local-use verification.
CAN-D-ADM-090,Complete source verification,,Complete source and local-use verification.
CAN-D-ADM-091,Complete source verification,,Complete source and local-use verification.
CAN-D-ADM-093,Complete source verification,,Complete source and local-use verification.
CAN-D-ADM-094,Complete source verification,,Complete source and local-use verification.
CAN-D-ADM-095,Complete source verification,,Complete source and local-use verification.
CAN-D-ADM-096,Complete source verification,,Complete source and local-use verification.
CAN-D-ADM-097,Complete source verification,,Complete source and local-use verification.
CAN-D-ADM-098,Complete source verification,,Complete source and local-use verification.
CAN-D-ADM-099,Complete source verification,,Complete source and local-use verification.
CAN-D-ADM-100,Complete source verification,,Complete source and local-use verification.
CAN-D-ADM-101,Complete source verification,,Complete source and local-use verification.
CAN-D-ADM-102,Complete source verification,,Complete source and local-use verification.
CAN-D-ADM-103,Complete source verification,,Complete source and local-use verification.
CAN-D-ADM-104,Complete source verification,,Complete source and local-use verification.
CAN-D-ADM-105,Complete source verification,,Complete source and local-use verification.
CAN-D-ADM-106,Complete source verification,,Complete source and local-use verification.
CAN-D-ADM-107,Complete source verification,,Complete source and local-use verification.
CAN-D-ADM-108,Complete source verification,,Complete source and local-use verification.
CAN-D-ADM-109,Complete source verification,,Complete source and local-use verification.
CAN-D-ADM-110,Complete source verification,,Complete source and local-use verification.
CAN-G-GAP-001,Complete source verification,,Complete source and local-use verification.
CAN-G-GAP-002,Complete source verification,,Complete source and local-use verification.
CAN-G-GAP-003,Complete source verification,,Complete source and local-use verification.
CAN-G-GAP-004,Complete source verification,,Complete source and local-use verification.
CAN-G-GAP-005,Complete source verification,,Complete source and local-use verification.
CAN-G-GAP-006,Complete source verification,,Complete source and local-use verification.
CAN-G-GAP-007,Complete source verification,,Complete source and local-use verification.
CAN-G-GAP-008,Complete source verification,,Complete source and local-use verification.
CAN-G-GAP-009,Complete source verification,,Complete source and local-use verification.
CAN-G-GAP-010,Complete source verification,,Complete source and local-use verification.
CAN-G-GAP-011,Complete source verification,,Complete source and local-use verification.
CAN-G-GAP-012,Complete source verification,,Complete source and local-use verification.
CAN-G-GAP-013,Complete source verification,,Complete source and local-use verification.
CAN-G-GAP-014,Complete source verification,,Complete source and local-use verification.
CAN-G-GAP-015,Complete source verification,,Complete source and local-use verification.
CAN-G-GAP-021,Complete source verification,,Complete source and local-use verification.
CAN-G-GAP-022,Complete source verification,,Complete source and local-use verification.
CAN-G-GAP-023,Complete source verification,,Complete source and local-use verification.
CAN-G-GAP-024,Complete source verification,,Complete source and local-use verification.
CAN-G-GAP-025,Complete source verification,,Complete source and local-use verification.
CAN-G-GAP-028,Complete source verification,,Complete source and local-use verification.
CAN-G-GAP-029,Complete source verification,,Complete source and local-use verification.
CAN-G-GAP-034,Complete source verification,,Complete source and local-use verification.
CAN-G-GAP-035,Complete source verification,,Complete source and local-use verification.
CAN-G-GAP-036,Complete source verification,,Complete source and local-use verification.
CAN-G-GAP-037,Complete source verification,,Complete source and local-use verification.
CAN-G-GAP-038,Complete source verification,,Complete source and local-use verification.
CAN-G-GAP-040,Complete source verification,,Complete source and local-use verification.
CAN-R3-001,Complete source verification,,Complete source and local-use verification.
CAN-R3-002,Complete source verification,,Complete source and local-use verification.
CAN-R3-003,Complete source verification,,Complete source and local-use verification.
CAN-R3-004,Complete source verification,,Complete source and local-use verification.
CAN-R3-005,Complete source verification,,Complete source and local-use verification.
CAN-R3-006,Complete source verification,,Complete source and local-use verification.
CAN-R3-007,Complete source verification,,Complete source and local-use verification.
CAN-R3-008,Complete source verification,,Complete source and local-use verification.
CAN-R3-009,Complete source verification,,Complete source and local-use verification.
CAN-R3-010,Complete source verification,,Complete source and local-use verification.
CAN-R3-011,Complete source verification,,Complete source and local-use verification.
CAN-R3-012,Complete source verification,,Complete source and local-use verification.
CAN-R3-013,Complete source verification,,Complete source and local-use verification.
CAN-R3-014,Complete source verification,,Complete source and local-use verification.
CAN-R3-015,Complete source verification,,Complete source and local-use verification.
CAN-R3-016,Complete source verification,,Complete source and local-use verification.
CAN-R3-017,Complete source verification,,Complete source and local-use verification.
CAN-R3-018,Complete source verification,,Complete source and local-use verification.
CAN-R3-019,Complete source verification,,Complete source and local-use verification.
CAN-R3-021,Complete source verification,,Complete source and local-use verification.
CAN-R3-022,Complete source verification,,Complete source and local-use verification.
CAN-R3-023,Complete source verification,,Complete source and local-use verification.
CAN-R3-024,Complete source verification,,Complete source and local-use verification.
CAN-R3-025,Complete source verification,,Complete source and local-use verification.
CAN-R3-026,Complete source verification,,Complete source and local-use verification.
CAN-R3-027,Complete source verification,,Complete source and local-use verification.
CAN-R3-028,Complete source verification,,Complete source and local-use verification.
CAN-R3-029,Complete source verification,,Complete source and local-use verification.
CAN-R3-030,Complete source verification,,Complete source and local-use verification.
CAN-R3-031,Complete source verification,,Complete source and local-use verification.
CAN-R3-032,Complete source verification,,Complete source and local-use verification.
CAN-R3-033,Complete source verification,,Complete source and local-use verification.
CAN-R3-034,Complete source verification,,Complete source and local-use verification.
CAN-R3-035,Complete source verification,,Complete source and local-use verification.
CAN-R3-036,Complete source verification,,Complete source and local-use verification.
CAN-R3-037,Complete source verification,,Complete source and local-use verification.
CAN-R3-038,Complete source verification,,Complete source and local-use verification.
CAN-R3-039,Complete source verification,,Complete source and local-use verification.
CAN-R3-040,Complete source verification,,Complete source and local-use verification.
CAN-R3-041,Complete source verification,,Complete source and local-use verification.
CAN-R3-042,Complete source verification,,Complete source and local-use verification.
CAN-R3-043,Complete source verification,,Complete source and local-use verification.
CAN-R3-044,Complete source verification,,Complete source and local-use verification.
CAN-R3-045,Complete source verification,,Complete source and local-use verification.
CAN-R3-046,Complete source verification,,Complete source and local-use verification.
CAN-R3-047,Complete source verification,,Complete source and local-use verification.
CAN-R3-048,Complete source verification,,Complete source and local-use verification.
CAN-R3-049,Complete source verification,,Complete source and local-use verification.
CAN-W-gapdisc-001,Complete source verification,,Complete source and local-use verification.
CAN-W-gapdisc-002,Complete source verification,,Complete source and local-use verification.
CAN-W-gapdisc-003,Complete source verification,,Complete source and local-use verification.
CAN-W-gapdisc-006,Complete source verification,,Complete source and local-use verification.
CAN-W-gapdisc-007,Complete source verification,,Complete source and local-use verification.
CAN-W-gapdisc-008,Complete source verification,,Complete source and local-use verification.
CAN-W-gapdisc-009,Complete source verification,,Complete source and local-use verification.
CAN-W-gapdisc-010,Complete source verification,,Complete source and local-use verification.
CAN-W-gapdisc-011,Complete source verification,,Complete source and local-use verification.
CAN-W-gapdisc-012,Complete source verification,,Complete source and local-use verification.
CAN-W-gapdisc-013,Complete source verification,,Complete source and local-use verification.
CAN-W-gapdisc-015,Complete source verification,,Complete source and local-use verification.
CAN-W-gapdisc-016,Complete source verification,,Complete source and local-use verification.
CAN-W-gapdisc-017,Complete source verification,,Complete source and local-use verification.
CAN-W-gapdisc-018,Complete source verification,,Complete source and local-use verification.
CAN-W-gapdisc-019,Complete source verification,,Complete source and local-use verification.
CAN-W-gapdisc-020,Complete source verification,,Complete source and local-use verification.
CAN-W-gapdisc-021,Complete source verification,,Complete source and local-use verification.
CAN-W-gapwork-005,Complete source verification,,Complete source and local-use verification.
CAN-W-gapwork-006,Complete source verification,,Complete source and local-use verification.
CAN-W-gapwork-007,Complete source verification,,Complete source and local-use verification.
CAN-W-gapwork-009,Complete source verification,,Complete source and local-use verification.
CAN-W-gapwork-011,Complete source verification,,Complete source and local-use verification.
CAN-W-gapwork-013,Complete source verification,,Complete source and local-use verification.
CAN-W-gapwork-015,Complete source verification,,Complete source and local-use verification.
CAN-W-gapwork-016,Complete source verification,,Complete source and local-use verification.
CAN-W-gapwork-017,Complete source verification,,Complete source and local-use verification.
CAN-W-gapwork-018,Complete source verification,,Complete source and local-use verification.
CAN-W-gov-001,Complete source verification,,Complete source and local-use verification.
CAN-W-gov-002,Complete source verification,,Complete source and local-use verification.
CAN-W-gov-003,Complete source verification,,Complete source and local-use verification.
CAN-W-gov-004,Complete source verification,,Complete source and local-use verification.
CAN-W-gov-005,Complete source verification,,Complete source and local-use verification.
CAN-W-gov-006,Complete source verification,,Complete source and local-use verification.
CAN-W-gov-007,Complete source verification,,Complete source and local-use verification.
CAN-W-gov-008,Complete source verification,,Complete source and local-use verification.
CAN-W-gov-010,Complete source verification,,Complete source and local-use verification.
CAN-W-gov-011,Complete source verification,,Complete source and local-use verification.
CAN-W-gov-012,Complete source verification,,Complete source and local-use verification.
CAN-W-gov-013,Complete source verification,,Complete source and local-use verification.
CAN-W-gov-014,Complete source verification,,Complete source and local-use verification.
CAN-W-gov-015,Complete source verification,,Complete source and local-use verification.
CAN-W-gov-019,Complete source verification,,Complete source and local-use verification.
CAN-W-gov-020,Complete source verification,,Complete source and local-use verification.
CAN-W-gov-021,Complete source verification,,Complete source and local-use verification.
CAN-W-health-001,Complete source verification,,Complete source and local-use verification.
CAN-W-health-003,Complete source verification,,Complete source and local-use verification.
CAN-W-health-004,Complete source verification,,Complete source and local-use verification.
CAN-W-health-005,Complete source verification,,Complete source and local-use verification.
CAN-W-health-006,Complete source verification,,Complete source and local-use verification.
CAN-W-health-007,Complete source verification,,Complete source and local-use verification.
CAN-W-health-008,Complete source verification,,Complete source and local-use verification.
CAN-W-health-009,Complete source verification,,Complete source and local-use verification.
CAN-W-health-010,Complete source verification,,Complete source and local-use verification.
CAN-W-health-012,Complete source verification,,Complete source and local-use verification.
CAN-W-health-013,Complete source verification,,Complete source and local-use verification.
CAN-W-health-014,Complete source verification,,Complete source and local-use verification.
CAN-W-health-017,Complete source verification,,Complete source and local-use verification.
CAN-W-health-020,Complete source verification,,Complete source and local-use verification.
CAN-W-health-021,Complete source verification,,Complete source and local-use verification.
CAN-W-human-001,Complete source verification,,Complete source and local-use verification.
CAN-W-human-003,Complete source verification,,Complete source and local-use verification.
CAN-W-human-004,Complete source verification,,Complete source and local-use verification.
CAN-W-human-005,Complete source verification,,Complete source and local-use verification.
CAN-W-human-006,Complete source verification,,Complete source and local-use verification.
CAN-W-human-007,Complete source verification,,Complete source and local-use verification.
CAN-W-human-008,Complete source verification,,Complete source and local-use verification.
CAN-W-human-009,Complete source verification,,Complete source and local-use verification.
CAN-W-human-010,Complete source verification,,Complete source and local-use verification.
CAN-W-human-011,Complete source verification,,Complete source and local-use verification.
CAN-W-human-012,Complete source verification,,Complete source and local-use verification.
CAN-W-human-013,Complete source verification,,Complete source and local-use verification.
CAN-W-human-015,Complete source verification,,Complete source and local-use verification.
CAN-W-human-016,Complete source verification,,Complete source and local-use verification.
CAN-W-human-017,Complete source verification,,Complete source and local-use verification.
CAN-W-human-020,Complete source verification,,Complete source and local-use verification.
CAN-W-human-021,Complete source verification,,Complete source and local-use verification.
CAN-W-human-024,Complete source verification,,Complete source and local-use verification.
CAN-W-human-025,Complete source verification,,Complete source and local-use verification.
CAN-W-human-026,Complete source verification,,Complete source and local-use verification.
CAN-W-human-027,Complete source verification,,Complete source and local-use verification.
CAN-W-human-029,Complete source verification,,Complete source and local-use verification.
CAN-W-human-030,Complete source verification,,Complete source and local-use verification.
CAN-W-human-031,Complete source verification,,Complete source and local-use verification.
CAN-W-lis-009,Complete source verification,,Complete source and local-use verification.
CAN-W-lis-010,Complete source verification,,Complete source and local-use verification.
CAN-W-lis-011,Complete source verification,,Complete source and local-use verification.
CAN-W-lis-013,Complete source verification,,Complete source and local-use verification.
CAN-W-lis-014,Complete source verification,,Complete source and local-use verification.
CAN-W-lis-016,Complete source verification,,Complete source and local-use verification.
CAN-W-lis-017,Complete source verification,,Complete source and local-use verification.
CAN-W-lis-018,Complete source verification,,Complete source and local-use verification.
CAN-W-lis-019,Complete source verification,,Complete source and local-use verification.
CAN-W-lis-020,Complete source verification,,Complete source and local-use verification.
CAN-W-lis-022,Complete source verification,,Complete source and local-use verification.
CAN-W-lis-023,Complete source verification,,Complete source and local-use verification.
CAN-W-lis-024,Complete source verification,,Complete source and local-use verification.
CAN-W-lis-026,Complete source verification,,Complete source and local-use verification.
CAN-W-oer-001,Complete source verification,,Complete source and local-use verification.
CAN-W-oer-002,Complete source verification,,Complete source and local-use verification.
CAN-W-oer-003,Complete source verification,,Complete source and local-use verification.
CAN-W-oer-004,Complete source verification,,Complete source and local-use verification.
CAN-W-oer-005,Complete source verification,,Complete source and local-use verification.
CAN-W-oer-006,Complete source verification,,Complete source and local-use verification.
CAN-W-oer-007,Complete source verification,,Complete source and local-use verification.
CAN-W-oer-009,Complete source verification,,Complete source and local-use verification.
CAN-W-oer-010,Complete source verification,,Complete source and local-use verification.
CAN-W-oer-011,Complete source verification,,Complete source and local-use verification.
CAN-W-oer-013,Complete source verification,,Complete source and local-use verification.
CAN-W-oer-016,Complete source verification,,Complete source and local-use verification.
CAN-W-oer-018,Complete source verification,,Complete source and local-use verification.
CAN-W-oer-019,Complete source verification,,Complete source and local-use verification.
CAN-W-oer-020,Complete source verification,,Complete source and local-use verification.
CAN-W-oer-023,Complete source verification,,Complete source and local-use verification.
CAN-W-oer-024,Complete source verification,,Complete source and local-use verification.
CAN-W-oer-026,Complete source verification,,Complete source and local-use verification.
CAN-W-oer-027,Complete source verification,,Complete source and local-use verification.
CAN-W-oer-028,Complete source verification,,Complete source and local-use verification.
CAN-W-oer-029,Complete source verification,,Complete source and local-use verification.
CAN-W-oer-030,Complete source verification,,Complete source and local-use verification.
CAN-W-oer-031,Complete source verification,,Complete source and local-use verification.
CAN-W-oer-032,Complete source verification,,Complete source and local-use verification.
CAN-W-oer-033,Complete source verification,,Complete source and local-use verification.
CAN-W-oer-034,Complete source verification,,Complete source and local-use verification.
CAN-W-oer-036,Complete source verification,,Complete source and local-use verification.
CAN-W-oer-037,Complete source verification,,Complete source and local-use verification.
CAN-W-oer-038,Complete source verification,,Complete source and local-use verification.
CAN-W-stem-001,Complete source verification,,Complete source and local-use verification.
CAN-W-stem-002,Complete source verification,,Complete source and local-use verification.
CAN-W-stem-003,Complete source verification,,Complete source and local-use verification.
CAN-W-stem-005,Complete source verification,,Complete source and local-use verification.
CAN-W-stem-006,Complete source verification,,Complete source and local-use verification.
CAN-W-stem-007,Complete source verification,,Complete source and local-use verification.
CAN-W-stem-008,Complete source verification,,Complete source and local-use verification.
CAN-W-stem-009,Complete source verification,,Complete source and local-use verification.
CAN-W-stem-011,Complete source verification,,Complete source and local-use verification.
CAN-W-stem-013,Complete source verification,,Complete source and local-use verification.
CAN-W-stem-014,Complete source verification,,Complete source and local-use verification.
CAN-W-stem-016,Complete source verification,,Complete source and local-use verification.
CAN-W-stem-017,Complete source verification,,Complete source and local-use verification.
CAN-W-stem-018,Complete source verification,,Complete source and local-use verification.
CAN-W-stem-019,Complete source verification,,Complete source and local-use verification.
CAN-W-stem-020,Complete source verification,,Complete source and local-use verification.
CAN-W-stem-023,Complete source verification,,Complete source and local-use verification.
CAN-W-stem-024,Complete source verification,,Complete source and local-use verification.
CAN-W-stem-025,Complete source verification,,Complete source and local-use verification.
CAN-W-toolkit-009,Complete source verification,,Complete source and local-use verification.
CAN-W-toolkit-010,Complete source verification,,Complete source and local-use verification.
CAN-W-toolkit-011,Complete source verification,,Complete source and local-use verification.
CAN-W-toolkit-012,Complete source verification,,Complete source and local-use verification.
CAN-W-toolkit-013,Complete source verification,,Complete source and local-use verification.
CAN-W-toolkit-014,Complete source verification,,Complete source and local-use verification.
CAN-W-toolkit-015,Complete source verification,,Complete source and local-use verification.
CAN-W-toolkit-016,Complete source verification,,Complete source and local-use verification.
CAN-W-toolkit-018,Complete source verification,,Complete source and local-use verification.
CAN-W-toolkit-019,Complete source verification,,Complete source and local-use verification.
CAN-W-toolkit-020,Complete source verification,,Complete source and local-use verification.
CAN-W-toolkit-027,Complete source verification,,Complete source and local-use verification.
CAN-W-toolkit-028,Complete source verification,,Complete source and local-use verification.
CAN-W-toolkit-030,Complete source verification,,Complete source and local-use verification.
CAN-W-workflow-001,Complete source verification,,Complete source and local-use verification.
CAN-W-workflow-002,Complete source verification,,Complete source and local-use verification.
CAN-W-workflow-004,Complete source verification,,Complete source and local-use verification.
CAN-W-workflow-006,Complete source verification,,Complete source and local-use verification.
CAN-W-workflow-007,Complete source verification,,Complete source and local-use verification.
CAN-W-workflow-008,Complete source verification,,Complete source and local-use verification.
CAN-W-workflow-009,Complete source verification,,Complete source and local-use verification.
CAN-W-workflow-010,Complete source verification,,Complete source and local-use verification.
CAN-W-workflow-011,Complete source verification,,Complete source and local-use verification.
CAN-W-workflow-013,Complete source verification,,Complete source and local-use verification.
CAN-W-workflow-014,Complete source verification,,Complete source and local-use verification.
CAN-W-workflow-015,Complete source verification,,Complete source and local-use verification.
CAN-W-workflow-016,Complete source verification,,Complete source and local-use verification.
CAN-W-workflow-017,Complete source verification,,Complete source and local-use verification.
CAN-W-workflow-018,Complete source verification,,Complete source and local-use verification.
CAN-W-workflow-019,Complete source verification,,Complete source and local-use verification.
CAN-W-workflow-020,Complete source verification,,Complete source and local-use verification.
CAN-W-workflow-021,Complete source verification,,Complete source and local-use verification.
CAN-W-workflow-023,Complete source verification,,Complete source and local-use verification.
CAN-W-workflow-024,Complete source verification,,Complete source and local-use verification.
CAN-W-workflow-025,Complete source verification,,Complete source and local-use verification.
CAN-W-workflow-026,Complete source verification,,Complete source and local-use verification.
CAN-W-workflow-027,Complete source verification,,Complete source and local-use verification.
CAN-W-workflow-028,Complete source verification,,Complete source and local-use verification.
CAN-W-workflow-029,Complete source verification,,Complete source and local-use verification.
CAN-W-workflow-030,Complete source verification,,Complete source and local-use verification.
CAN-W-workflow-031,Complete source verification,,Complete source and local-use verification.
CAN-W-workflow-033,Complete source verification,,Complete source and local-use verification.
CAN-W-workflow-034,Complete source verification,,Complete source and local-use verification.
CAN-W-workflow-035,Complete source verification,,Complete source and local-use verification.
CAN-W-workflow-036,Complete source verification,,Complete source and local-use verification.
CAN-L-004,Complete source verification,,Complete source and local-use verification.
CAN-L-005,Complete source verification,,Complete source and local-use verification.
CAN-L-006,Complete source verification,,Complete source and local-use verification.
CAN-L-007,Complete source verification,,Complete source and local-use verification.
CAN-L-008,Complete source verification,,Complete source and local-use verification.
CAN-L-009,Complete source verification,,Complete source and local-use verification.
CAN-L-011,Complete source verification,,Complete source and local-use verification.
CAN-L-012,Complete source verification,,Complete source and local-use verification.
CAN-L-013,Complete source verification,,Complete source and local-use verification.
CAN-L-015,Complete source verification,,Complete source and local-use verification.
CAN-L-016,Complete source verification,,Complete source and local-use verification.
CAN-L-017,Complete source verification,,Complete source and local-use verification.
CAN-L-018,Complete source verification,,Complete source and local-use verification.
CAN-L-019,Complete source verification,,Complete source and local-use verification.
CAN-L-020,Complete source verification,,Complete source and local-use verification.
CAN-L-024,Complete source verification,,Complete source and local-use verification.
CAN-L-025,Complete source verification,,Complete source and local-use verification.
CAN-L-026,Complete source verification,,Complete source and local-use verification.
CAN-L-027,Complete source verification,,Complete source and local-use verification.
CAN-L-028,Complete source verification,,Complete source and local-use verification.
CAN-L-029,Complete source verification,,Complete source and local-use verification.
CAN-L-030,Complete source verification,,Complete source and local-use verification.
CAN-L-031,Complete source verification,,Complete source and local-use verification.
CAN-L-032,Complete source verification,,Complete source and local-use verification.
CAN-L-033,Complete source verification,,Complete source and local-use verification.
CAN-L-034,Complete source verification,,Complete source and local-use verification.
CAN-L-035,Complete source verification,,Complete source and local-use verification.
CAN-L-036,Complete source verification,,Complete source and local-use verification.
CAN-L-037,Complete source verification,,Complete source and local-use verification.
CAN-L-038,Complete source verification,,Complete source and local-use verification.
CAN-L-039,Complete source verification,,Complete source and local-use verification.
CAN-L-040,Complete source verification,,Complete source and local-use verification.
CAN-L-041,Complete source verification,,Complete source and local-use verification.
CAN-L-042,Complete source verification,,Complete source and local-use verification.
CAN-L-043,Complete source verification,,Complete source and local-use verification.
CAN-L-044,Complete source verification,,Complete source and local-use verification.
CAN-L-046,Complete source verification,,Complete source and local-use verification.
CAN-L-047,Complete source verification,,Complete source and local-use verification.
CAN-L-048,Complete source verification,,Complete source and local-use verification.
CAN-L-049,Complete source verification,,Complete source and local-use verification.
CAN-L-051,Complete source verification,,Complete source and local-use verification.
CAN-L-052,Complete source verification,,Complete source and local-use verification.
CAN-L-054,Complete source verification,,Complete source and local-use verification.
CAN-L-057,Complete source verification,,Complete source and local-use verification.
CAN-L-059,Complete source verification,,Complete source and local-use verification.
CAN-L-060,Complete source verification,,Complete source and local-use verification.
CAN-L-061,Complete source verification,,Complete source and local-use verification.
CAN-L-062,Complete source verification,,Complete source and local-use verification.
CAN-L-063,Complete source verification,,Complete source and local-use verification.
CAN-L-065,Complete source verification,,Complete source and local-use verification.
CAN-L-066,Complete source verification,,Complete source and local-use verification.
CAN-L-067,Complete source verification,,Complete source and local-use verification.
CAN-L-068,Complete source verification,,Complete source and local-use verification.
CAN-L-069,Complete source verification,,Complete source and local-use verification.
CAN-L-070,Complete source verification,,Complete source and local-use verification.
CAN-L-072,Complete source verification,,Complete source and local-use verification.
CAN-L-073,Complete source verification,,Complete source and local-use verification.
CAN-L-074,Complete source verification,,Complete source and local-use verification.
CAN-L-076,Complete source verification,,Complete source and local-use verification.
CAN-L-077,Complete source verification,,Complete source and local-use verification.
CAN-L-078,Complete source verification,,Complete source and local-use verification.
CAN-L-079,Complete source verification,,Complete source and local-use verification.
CAN-L-080,Complete source verification,,Complete source and local-use verification.
CAN-L-081,Complete source verification,,Complete source and local-use verification.
WIA-R-AGNT-01,Complete source verification,,Complete source and local-use verification.
WIA-R-AGNT-02,Complete source verification,,Complete source and local-use verification.
WIA-R-AGNT-03,Complete source verification,,Complete source and local-use verification.
WIA-R-AGNT-04,Complete source verification,,Complete source and local-use verification.
WIA-R-AGNT-05,Complete source verification,,Complete source and local-use verification.
WIA-R-AGNT-06,Complete source verification,,Complete source and local-use verification.
WIA-R-AGNT-07,Complete source verification,,Complete source and local-use verification.
WIA-R-AGNT-08,Complete source verification,,Complete source and local-use verification.
WIA-R-AGNT-09,Complete source verification,,Complete source and local-use verification.
WIA-R-AUDI-01,Complete source verification,,Complete source and local-use verification.
WIA-R-AUDI-02,Complete source verification,,Complete source and local-use verification.
WIA-R-AUDI-04,Complete source verification,,Complete source and local-use verification.
WIA-R-AUDI-05,Complete source verification,,Complete source and local-use verification.
WIA-R-AUDI-06,Complete source verification,,Complete source and local-use verification.
WIA-R-AUDI-07,Complete source verification,,Complete source and local-use verification.
WIA-R-AUDI-09,Complete source verification,,Complete source and local-use verification.
WIA-R-AUDI-10,Complete source verification,,Complete source and local-use verification.
WIA-R-CODE-01,Complete source verification,,Complete source and local-use verification.
WIA-R-CODE-02,Complete source verification,,Complete source and local-use verification.
WIA-R-CODE-03,Complete source verification,,Complete source and local-use verification.
WIA-R-CODE-04,Complete source verification,,Complete source and local-use verification.
WIA-R-CODE-05,Complete source verification,,Complete source and local-use verification.
WIA-R-CODE-08,Complete source verification,,Complete source and local-use verification.
WIA-R-CODE-09,Complete source verification,,Complete source and local-use verification.
WIA-R-CODE-10,Complete source verification,,Complete source and local-use verification.
WIA-R-CONV-01,Complete source verification,,Complete source and local-use verification.
WIA-R-CONV-02,Complete source verification,,Complete source and local-use verification.
WIA-R-CONV-04,Complete source verification,,Complete source and local-use verification.
WIA-R-CONV-05,Complete source verification,,Complete source and local-use verification.
WIA-R-CONV-06,Complete source verification,,Complete source and local-use verification.
WIA-R-CONV-07,Complete source verification,,Complete source and local-use verification.
WIA-R-CONV-08,Complete source verification,,Complete source and local-use verification.
WIA-R-CONV-09,Complete source verification,,Complete source and local-use verification.
WIA-R-CONV-10,Complete source verification,,Complete source and local-use verification.
WIA-R-DISC-01,"Public text separates parent classifier, uncertainty lesson, reflection theory and new abstention exercise. Specific source lesson episode, chemistry paper, Chan pages, and source terms remain to verify. Threshold directions in current record are explicit; no inherited old defect asserted.",Chemistry methods/implementation and CC BY license checked; uncertainty episode and CC BY lesson terms checked; added component-evidence limit and explicit decision-rule safeguard.,"Recheck Chan pp. 168–169 and 180; chemistry instructor to review calibration, compounds, lab procedures, and pilot design."
WIA-R-DISC-02,Complete source verification,,Complete source and local-use verification.
WIA-R-DISC-07,Complete source verification,,Complete source and local-use verification.
WIA-R-DISC-08,Complete source verification,,Complete source and local-use verification.
WIA-R-DISC-09,Complete source verification,,Complete source and local-use verification.
WIA-R-DISC-10,Complete source verification,,Complete source and local-use verification.
WIA-R-GRND-01,Complete source verification,,Complete source and local-use verification.
WIA-R-GRND-02,Complete source verification,,Complete source and local-use verification.
WIA-R-GRND-03,Complete source verification,,Complete source and local-use verification.
WIA-R-GRND-04,Complete source verification,,Complete source and local-use verification.
WIA-R-GRND-05,Complete source verification,,Complete source and local-use verification.
WIA-R-GRND-06,Complete source verification,,Complete source and local-use verification.
WIA-R-GRND-08,Complete source verification,,Complete source and local-use verification.
WIA-R-GRND-09,Complete source verification,,Complete source and local-use verification.
WIA-R-IMGN-01,Complete source verification,,Complete source and local-use verification.
WIA-R-IMGN-02,Complete source verification,,Complete source and local-use verification.
WIA-R-IMGN-03,Complete source verification,,Complete source and local-use verification.
WIA-R-IMGN-04,Complete source verification,,Complete source and local-use verification.
WIA-R-IMGN-06,Complete source verification,,Complete source and local-use verification.
WIA-R-IMGN-07,Complete source verification,,Complete source and local-use verification.
WIA-R-IMGN-08,Complete source verification,,Complete source and local-use verification.
WIA-R-IMGN-10,Complete source verification,,Complete source and local-use verification.
WIA-R-INST-02,Complete source verification,,Complete source and local-use verification.
WIA-R-INST-04,Complete source verification,,Complete source and local-use verification.
WIA-R-INST-05,Complete source verification,,Complete source and local-use verification.
WIA-R-INST-06,Complete source verification,,Complete source and local-use verification.
WIA-R-INST-07,Complete source verification,,Complete source and local-use verification.
WIA-R-INST-08,Complete source verification,,Complete source and local-use verification.
WIA-R-INST-09,Complete source verification,,Complete source and local-use verification.
WIA-R-INST-10,Complete source verification,,Complete source and local-use verification.
WIA-R-MMOD-01,Complete source verification,,Complete source and local-use verification.
WIA-R-MMOD-02,Complete source verification,,Complete source and local-use verification.
WIA-R-MMOD-03,Complete source verification,,Complete source and local-use verification.
WIA-R-MMOD-04,Complete source verification,,Complete source and local-use verification.
WIA-R-MMOD-05,Complete source verification,,Complete source and local-use verification.
WIA-R-MMOD-06,Complete source verification,,Complete source and local-use verification.
WIA-R-MMOD-07,Complete source verification,,Complete source and local-use verification.
WIA-R-MMOD-08,Complete source verification,,Complete source and local-use verification.
WIA-R-MMOD-09,Complete source verification,,Complete source and local-use verification.
WIA-R-SRCH-02,Complete source verification,,Complete source and local-use verification.
WIA-R-SRCH-04,Complete source verification,,Complete source and local-use verification.
WIA-R-SRCH-05,Complete source verification,,Complete source and local-use verification.
WIA-R-SRCH-06,Complete source verification,,Complete source and local-use verification.
WIA-R-SRCH-08,Complete source verification,,Complete source and local-use verification.
WIA-R-SRCH-09,Complete source verification,,Complete source and local-use verification.
WIA-R-VIDG-01,Complete source verification,,Complete source and local-use verification.
WIA-R-VIDG-02,Complete source verification,,Complete source and local-use verification.
WIA-R-VIDG-03,Complete source verification,,Complete source and local-use verification.
WIA-R-VIDG-06,Complete source verification,,Complete source and local-use verification.
WIA-R-VIDG-07,Complete source verification,,Complete source and local-use verification.
WIA-R-VIDG-09,Complete source verification,,Complete source and local-use verification.
WIA-R-VIDG-10,Complete source verification,,Complete source and local-use verification.
WIA-S-HEA-A-01,Complete source verification,,Complete source and local-use verification.
WIA-S-HEA-A-03,Complete source verification,,Complete source and local-use verification.
WIA-S-HEA-A-05,Complete source verification,,Complete source and local-use verification.
WIA-S-HEA-A-06,Complete source verification,,Complete source and local-use verification.
WIA-S-HEA-A-07,Complete source verification,,Complete source and local-use verification.
WIA-S-HEA-A-08,Complete source verification,,Complete source and local-use verification.
WIA-S-HEA-A-09,Complete source verification,,Complete source and local-use verification.
WIA-S-HEA-A-10,Complete source verification,,Complete source and local-use verification.
WIA-S-HEA-A-11,Complete source verification,,Complete source and local-use verification.
WIA-S-HEA-A-12,Complete source verification,,Complete source and local-use verification.
WIA-S-HEA-A-13,Complete source verification,,Complete source and local-use verification.
WIA-S-HEA-A-14,Complete source verification,,Complete source and local-use verification.
WIA-S-HEA-A-15,Complete source verification,,Complete source and local-use verification.
WIA-S-HEA-B-05,Complete source verification,,Complete source and local-use verification.
WIA-S-HEA-B-06,Complete source verification,,Complete source and local-use verification.
WIA-S-HEA-B-09,Complete source verification,,Complete source and local-use verification.
WIA-S-HEA-B-11,Complete source verification,,Complete source and local-use verification.
WIA-S-HEA-B-12,Complete source verification,,Complete source and local-use verification.
WIA-S-HEA-B-13,Complete source verification,,Complete source and local-use verification.
WIA-S-HEA-B-14,Complete source verification,,Complete source and local-use verification.
WIA-S-HEA-B-15,Complete source verification,,Complete source and local-use verification.
WIA-S-STE-A-01,Complete source verification,,Complete source and local-use verification.
WIA-S-STE-A-02,Complete source verification,,Complete source and local-use verification.
WIA-S-STE-A-03,Complete source verification,,Complete source and local-use verification.
WIA-S-STE-A-04,Complete source verification,,Complete source and local-use verification.
WIA-S-STE-A-05,Complete source verification,,Complete source and local-use verification.
WIA-S-STE-A-07,Complete source verification,,Complete source and local-use verification.
WIA-S-STE-A-08,Complete source verification,,Complete source and local-use verification.
WIA-S-STE-A-09,Complete source verification,,Complete source and local-use verification.
WIA-S-STE-A-10,Complete source verification,,Complete source and local-use verification.
WIA-S-STE-A-13,Complete source verification,,Complete source and local-use verification.
WIA-S-STE-A-15,Complete source verification,,Complete source and local-use verification.
WIA-S-STE-B-03,Complete source verification,,Complete source and local-use verification.
WIA-S-STE-B-04,Complete source verification,,Complete source and local-use verification.
WIA-S-STE-B-06,Complete source verification,,Complete source and local-use verification.
WIA-S-STE-B-07,Complete source verification,,Complete source and local-use verification.
WIA-S-STE-B-08,Complete source verification,,Complete source and local-use verification.
WIA-S-STE-B-09,Complete source verification,,Complete source and local-use verification.
WIA-S-STE-B-11,Complete source verification,,Complete source and local-use verification.
WIA-S-STE-B-12,Complete source verification,,Complete source and local-use verification.
WIA-S-STE-B-13,Complete source verification,,Complete source and local-use verification.
WIA-S-STE-B-14,Complete source verification,,Complete source and local-use verification.
WIA-S-STE-B-15,Complete source verification,,Complete source and local-use verification.
WIA-S-HUM-A-02,Complete source verification,,Complete source and local-use verification.
WIA-S-HUM-A-03,Complete source verification,,Complete source and local-use verification.
WIA-S-HUM-A-04,Complete source verification,,Complete source and local-use verification.
WIA-S-HUM-A-05,Complete source verification,,Complete source and local-use verification.
WIA-S-HUM-A-06,Complete source verification,,Complete source and local-use verification.
WIA-S-HUM-A-07,Complete source verification,,Complete source and local-use verification.
WIA-S-HUM-A-08,Complete source verification,,Complete source and local-use verification.
WIA-S-HUM-A-09,Complete source verification,,Complete source and local-use verification.
WIA-S-HUM-A-10,Complete source verification,,Complete source and local-use verification.
WIA-S-HUM-A-11,Complete source verification,,Complete source and local-use verification.
WIA-S-HUM-A-12,Complete source verification,,Complete source and local-use verification.
WIA-S-HUM-A-13,Complete source verification,,Complete source and local-use verification.
WIA-S-HUM-A-15,Complete source verification,,Complete source and local-use verification.
WIA-S-HUM-B-01,Complete source verification,,Complete source and local-use verification.
WIA-S-HUM-B-02,Complete source verification,,Complete source and local-use verification.
WIA-S-HUM-B-03,Complete source verification,,Complete source and local-use verification.
WIA-S-HUM-B-04,Complete source verification,,Complete source and local-use verification.
WIA-S-HUM-B-05,Complete source verification,,Complete source and local-use verification.
WIA-S-HUM-B-06,Complete source verification,,Complete source and local-use verification.
WIA-S-HUM-B-08,Complete source verification,,Complete source and local-use verification.
WIA-S-HUM-B-09,Complete source verification,,Complete source and local-use verification.
WIA-S-HUM-B-10,Complete source verification,,Complete source and local-use verification.
WIA-S-HUM-B-11,Complete source verification,,Complete source and local-use verification.
WIA-S-HUM-B-12,Complete source verification,,Complete source and local-use verification.
WIA-S-HUM-B-13,Complete source verification,,Complete source and local-use verification.
WIA-S-HUM-B-14,Complete source verification,,Complete source and local-use verification.
WIA-S-HUM-B-15,Complete source verification,,Complete source and local-use verification.
WIA-S-SOC-A-01,Complete source verification,,Complete source and local-use verification.
WIA-S-SOC-A-02,Complete source verification,,Complete source and local-use verification.
WIA-S-SOC-A-03,Complete source verification,,Complete source and local-use verification.
WIA-S-SOC-A-05,Complete source verification,,Complete source and local-use verification.
WIA-S-SOC-A-06,Complete source verification,,Complete source and local-use verification.
WIA-S-SOC-A-07,Complete source verification,,Complete source and local-use verification.
WIA-S-SOC-A-08,Complete source verification,,Complete source and local-use verification.
WIA-S-SOC-A-09,Complete source verification,,Complete source and local-use verification.
WIA-S-SOC-A-11,Complete source verification,,Complete source and local-use verification.
WIA-S-SOC-A-12,Complete source verification,,Complete source and local-use verification.
WIA-S-SOC-A-13,Complete source verification,,Complete source and local-use verification.
WIA-S-SOC-A-14,Complete source verification,,Complete source and local-use verification.
WIA-S-SOC-A-15,Complete source verification,,Complete source and local-use verification.
WIA-S-SOC-B-01,Complete source verification,,Complete source and local-use verification.
WIA-S-SOC-B-02,Complete source verification,,Complete source and local-use verification.
WIA-S-SOC-B-04,Complete source verification,,Complete source and local-use verification.
WIA-S-SOC-B-05,Complete source verification,,Complete source and local-use verification.
WIA-S-SOC-B-06,Complete source verification,,Complete source and local-use verification.
WIA-S-SOC-B-07,Complete source verification,,Complete source and local-use verification.
WIA-S-SOC-B-08,Complete source verification,,Complete source and local-use verification.
WIA-S-SOC-B-11,Complete source verification,,Complete source and local-use verification.
WIA-S-SOC-B-12,Complete source verification,,Complete source and local-use verification.
WIA-S-SOC-B-13,Complete source verification,,Complete source and local-use verification.
WIA-S-SOC-B-14,Complete source verification,,Complete source and local-use verification.
WIA-S-SOC-B-15,Complete source verification,,Complete source and local-use verification.
WIA-S-BUS-A-02,Complete source verification,,Complete source and local-use verification.
WIA-S-BUS-A-03,Complete source verification,,Complete source and local-use verification.
WIA-S-BUS-A-04,Complete source verification,,Complete source and local-use verification.
WIA-S-BUS-A-05,Complete source verification,,Complete source and local-use verification.
WIA-S-BUS-A-06,Complete source verification,,Complete source and local-use verification.
WIA-S-BUS-A-07,Complete source verification,,Complete source and local-use verification.
WIA-S-BUS-A-08,Complete source verification,,Complete source and local-use verification.
WIA-S-BUS-A-09,Complete source verification,,Complete source and local-use verification.
WIA-S-BUS-A-10,Complete source verification,,Complete source and local-use verification.
WIA-S-BUS-A-11,Complete source verification,,Complete source and local-use verification.
WIA-S-BUS-A-12,Complete source verification,,Complete source and local-use verification.
WIA-S-BUS-A-13,Complete source verification,,Complete source and local-use verification.
WIA-S-BUS-A-14,Complete source verification,,Complete source and local-use verification.
WIA-S-BUS-A-15,Complete source verification,,Complete source and local-use verification.
WIA-S-BUS-B-01,Complete source verification,,Complete source and local-use verification.
WIA-S-BUS-B-02,Complete source verification,,Complete source and local-use verification.
WIA-S-BUS-B-03,Complete source verification,,Complete source and local-use verification.
WIA-S-BUS-B-04,Complete source verification,,Complete source and local-use verification.
WIA-S-BUS-B-05,Complete source verification,,Complete source and local-use verification.
WIA-S-BUS-B-06,Complete source verification,,Complete source and local-use verification.
WIA-S-BUS-B-07,Complete source verification,,Complete source and local-use verification.
WIA-S-BUS-B-08,Complete source verification,,Complete source and local-use verification.
WIA-S-BUS-B-09,Complete source verification,,Complete source and local-use verification.
WIA-S-BUS-B-10,Complete source verification,,Complete source and local-use verification.
WIA-S-BUS-B-12,Complete source verification,,Complete source and local-use verification.
WIA-S-BUS-B-13,Complete source verification,,Complete source and local-use verification.
WIA-S-BUS-B-14,Complete source verification,,Complete source and local-use verification.
WIA-S-BUS-B-15,Complete source verification,,Complete source and local-use verification.
WIA-S-EDU-A-01,Complete source verification,,Complete source and local-use verification.
WIA-S-EDU-A-02,Complete source verification,,Complete source and local-use verification.
WIA-S-EDU-A-03,Complete source verification,,Complete source and local-use verification.
WIA-S-EDU-A-04,Complete source verification,,Complete source and local-use verification.
WIA-S-EDU-A-05,Complete source verification,,Complete source and local-use verification.
WIA-S-EDU-A-06,Complete source verification,,Complete source and local-use verification.
WIA-S-EDU-A-07,Complete source verification,,Complete source and local-use verification.
WIA-S-EDU-A-08,Complete source verification,,Complete source and local-use verification.
WIA-S-EDU-A-09,Complete source verification,,Complete source and local-use verification.
WIA-S-EDU-A-10,Complete source verification,,Complete source and local-use verification.
WIA-S-EDU-A-11,Complete source verification,,Complete source and local-use verification.
WIA-S-EDU-A-12,Complete source verification,,Complete source and local-use verification.
WIA-S-EDU-A-13,Complete source verification,,Complete source and local-use verification.
WIA-S-EDU-A-14,Complete source verification,,Complete source and local-use verification.
WIA-S-EDU-A-15,Complete source verification,,Complete source and local-use verification.
WIA-S-EDU-B-01,Complete source verification,,Complete source and local-use verification.
WIA-S-EDU-B-03,Complete source verification,,Complete source and local-use verification.
WIA-S-EDU-B-04,Complete source verification,,Complete source and local-use verification.
WIA-S-EDU-B-05,Complete source verification,,Complete source and local-use verification.
WIA-S-EDU-B-06,Complete source verification,,Complete source and local-use verification.
WIA-S-EDU-B-07,Complete source verification,,Complete source and local-use verification.
WIA-S-EDU-B-08,Complete source verification,,Complete source and local-use verification.
WIA-S-EDU-B-09,Complete source verification,,Complete source and local-use verification.
WIA-S-EDU-B-10,Complete source verification,,Complete source and local-use verification.
WIA-S-EDU-B-11,Complete source verification,,Complete source and local-use verification.
WIA-S-EDU-B-12,Complete source verification,,Complete source and local-use verification.
WIA-S-EDU-B-13,Complete source verification,,Complete source and local-use verification.
WIA-S-EDU-B-14,Complete source verification,,Complete source and local-use verification.
WIA-S-EDU-B-15,Complete source verification,,Complete source and local-use verification.
WIA-S-LIB-A-01,Complete source verification,,Complete source and local-use verification.
WIA-S-LIB-A-02,Complete source verification,,Complete source and local-use verification.
WIA-S-LIB-A-03,Complete source verification,,Complete source and local-use verification.
WIA-S-LIB-A-04,Complete source verification,,Complete source and local-use verification.
WIA-S-LIB-A-05,Complete source verification,,Complete source and local-use verification.
WIA-S-LIB-A-07,Complete source verification,,Complete source and local-use verification.
WIA-S-LIB-A-08,Complete source verification,,Complete source and local-use verification.
WIA-S-LIB-A-12,Complete source verification,,Complete source and local-use verification.
WIA-S-LIB-A-13,Complete source verification,,Complete source and local-use verification.
WIA-S-LIB-A-14,Complete source verification,,Complete source and local-use verification.
WIA-S-LIB-B-02,Complete source verification,,Complete source and local-use verification.
WIA-S-LIB-B-06,Complete source verification,,Complete source and local-use verification.
WIA-S-LIB-B-07,Complete source verification,,Complete source and local-use verification.
WIA-S-LIB-B-09,Complete source verification,,Complete source and local-use verification.
WIA-S-LIB-B-10,Complete source verification,,Complete source and local-use verification.
WIA-S-LIB-B-11,Complete source verification,,Complete source and local-use verification.
WIA-S-LIB-B-12,Complete source verification,,Complete source and local-use verification.
WIA-S-ART-A-01,Complete source verification,,Complete source and local-use verification.
WIA-S-ART-A-02,Complete source verification,,Complete source and local-use verification.
WIA-S-ART-A-03,Complete source verification,,Complete source and local-use verification.
WIA-S-ART-A-06,Complete source verification,,Complete source and local-use verification.
WIA-S-ART-A-09,Complete source verification,,Complete source and local-use verification.
WIA-S-ART-A-10,Complete source verification,,Complete source and local-use verification.
WIA-S-ART-A-11,Complete source verification,,Complete source and local-use verification.
WIA-S-ART-A-12,Complete source verification,,Complete source and local-use verification.
WIA-S-ART-A-13,Complete source verification,,Complete source and local-use verification.
WIA-S-ART-A-15,Complete source verification,,Complete source and local-use verification.
WIA-S-ART-B-01,Complete source verification,,Complete source and local-use verification.
WIA-S-ART-B-02,Complete source verification,,Complete source and local-use verification.
WIA-S-ART-B-03,Complete source verification,,Complete source and local-use verification.
WIA-S-ART-B-04,Complete source verification,,Complete source and local-use verification.
WIA-S-ART-B-07,Complete source verification,,Complete source and local-use verification.
WIA-S-ART-B-08,Complete source verification,,Complete source and local-use verification.
WIA-S-ART-B-09,Complete source verification,,Complete source and local-use verification.
WIA-S-ART-B-10,Complete source verification,,Complete source and local-use verification.
WIA-S-ART-B-11,Complete source verification,,Complete source and local-use verification.
WIA-S-ART-B-13,Complete source verification,,Complete source and local-use verification.
WIA-S-ART-B-14,Complete source verification,,Complete source and local-use verification.
WIA-S-ART-B-15,Complete source verification,,Complete source and local-use verification.
WIA-S-CRO-A-01,Complete source verification,,Complete source and local-use verification.
WIA-S-CRO-A-02,Complete source verification,,Complete source and local-use verification.
WIA-S-CRO-A-06,Complete source verification,,Complete source and local-use verification.
WIA-S-CRO-A-07,Complete source verification,,Complete source and local-use verification.
WIA-S-CRO-A-08,Complete source verification,,Complete source and local-use verification.
WIA-S-CRO-A-09,Complete source verification,,Complete source and local-use verification.
WIA-S-CRO-A-10,Complete source verification,,Complete source and local-use verification.
WIA-S-CRO-A-11,Complete source verification,,Complete source and local-use verification.
WIA-S-CRO-A-15,Complete source verification,,Complete source and local-use verification.
WIA-S-CRO-B-03,Complete source verification,,Complete source and local-use verification.
WIA-S-CRO-B-04,Complete source verification,,Complete source and local-use verification.
WIA-S-CRO-B-05,Complete source verification,,Complete source and local-use verification.
WIA-S-CRO-B-06,Complete source verification,,Complete source and local-use verification.
WIA-S-CRO-B-09,Complete source verification,,Complete source and local-use verification.
WIA-S-CRO-B-10,Complete source verification,,Complete source and local-use verification.
WIA-S-CRO-B-11,Complete source verification,,Complete source and local-use verification.
WIA-S-CRO-B-12,Complete source verification,,Complete source and local-use verification.
WIA-S-CRO-B-13,Complete source verification,,Complete source and local-use verification.
WIA-S-CRO-B-14,Complete source verification,,Complete source and local-use verification.
WIA-S-CRO-B-15,Complete source verification,,Complete source and local-use verification.
